order,OrigValueStr,Freq,mode
1,,3,
2,'Probably' Pongo pygmaeus,1,endo
3,"""birds or other animals""",8,endo
4,"""pasture animals""",2,animalnotspecified
5,(water?),1,water
6,(water),9,water
7,0,7172,
8,0.2,5,
9,0.25,6,
10,0.333333333,19,
11,0.5,31,
12,0.6,2,
13,0.666666667,4,
14,0.75,4,
15,0.8,1,
16,1,2892,
17,1?,4,
18,15 species of bird including 6 species of Cracidae and 2 species of Ramphastidae; Ateles panisc ...,1,
19,2,15,
20,3,13,
21,a-adhesion,32,attach
22,a-ant,257,ant
23,a-vertebrate,42,endo
24,a-water,1,water
25,a-wind,16,wind
26,"Acridotheres tristis, Sturnus contra, S. pagodarum",1,endo
27,Acromyrmex striatus (leaf-cutting ant),1,ant
28,"adhesion-dispersed (hooks, spines or bristles to assist attachment, checked to see if adhered t ...",35,attach
29,African elephant,1,endo
30,agochor,4470,
31,Agouti,2,cache
32,Agouti paca,1,cache
33,"Agouti paca, Dasyprocta punctata",1,cache
34,"agouti, horse, cattle, deer, tapir, peccary, paca, some rodents",1,endo
35,"agouti, peccary, paca. rodents",1,cache
36,"Ailuroedus crassirostris, Ptilonorhynchus violaceus",1,endo
37,"Alectronenas madagascariensis; Lepilemur dorsalsis, Lemur macaco",1,endo
38,Alouatta palliata,1,endo
39,Alouatta palliata (howling monkey),23,endo
40,"Amazona vittata, Margarops fuscatus, Columba squamosa, Geotrygon montana",1,endo
41,American robin,1,endo
42,Anadorhynchus hyacinthinus,3,animalnotspecified
43,Anchorage mechanism/s,3,
44,Anemo,22,wind
45,anemochory,253,wind
46,Anemochory,23,wind
47,"Anemochory: Big and round seeds rolling on the ground, pushed by the wind",14,wind
48,"Anemochory: Big seeds with ""wings"", planing in the air (ex,  Acer sp.)",228,wind
49,"Anemochory: Small seeds with pappus or very light seeds (ex,  Crepis sp. or Orchis sp.)",216,wind
50,"Anemochory: Stems move with the wind, helping for seed dispersion (ex,  Papaver sp.)",254,wind
51,animal,1644,animalnotspecified
52,Animal,3227,animalnotspecified
53,Animals,45,animalnotspecified
54,Anodorhynchus glauca (now extinct),1,animalnotspecified
55,Anodorhynchus hyacinthinus,1,animalnotspecified
56,"Anodorhynchus hyacinthinus, Deroptyus accipitrinus; Tapirus terrestris",1,animalnotspecified
57,ant,2424,ant
58,ant (elaiosome),2,ant
59,ant-dispersed (elaiosome attached),18,ant
60,ant?,21,ant
61,Anthracoceros convexus,1,animalnotspecified
62,Anthracocerus coronatus convexus,1,endo
63,Antillean terrapin,1,endo
64,ants,83,ant
65,Ants,1,ant
66,Ants.,151,ant
67,Ants+birds.,6,animalnotspecified
68,Aphaenogaster longiceps,5,ant
69,Aphaenogaster longiceps; Pheidole sp.,1,ant
70,Aphaenogaster longiceps; Rhytidoponera metallica,2,ant
71,"Aphenogaster rudis, Myrmica punctiventris, Formica subsericea, Lasius alienus",1,ant
72,"Apterix australis, Callaeas cinerea, Hemiphaga novaeseelandiae novaeseelandiae",1,endo
73,Ara glaucogularis,1,animalnotspecified
74,"Ara severa, Pionites melanocephala; Phrynops rufipes",1,endo
75,Aratinga euops,1,endo
76,arboreal mammals,2,endo
77,Arboreal mammals,3,endo
78,Argusianus argus,1,endo
79,Artibeus jamaicense,1,endo
80,Artibeus jamaicensis,3,endo
81,"Artibeus jamaicensis triniatus, A. lituratus palmarum; Stearornis caripensis; Cebus albifrons;  ...",1,endo
82,"Artibeus jamaicensis, Glossophaga soricina",1,endo
83,"Artibeus jamaicensis; Eira barbara (tayra), Ateles geofroyii (spider monkey)",1,endo
84,Artibeus lituratus palmarum,1,endo
85,"Artibeus lituratus palmarum; Steatornis caripensis, Thraupis palmarum",1,endo
86,"Ateles belzebuth, Tayassu pecari, Cebus sp., Callicebus moloch, Ateles paniscus, Tayassu sp.",1,endo
87,"Ateuchus squalidus; Proechimys ihering, Akodon sp., Matachyrus nudicaudatus, Phillander opossum ...",1,endo
88,Aulacorhynchus sulcatus sulcatus,1,endo
89,Authochory - Mamalochory,8,endo
90,autochor,1867,autochory
91,autochory,203,autochory
92,Autochory,126,autochory
93,"Azteca sp., Paratrichima sp. & Pheidole sp.",1,ant
94,badger,39,endo
95,ballistic,16,ballistic
96,ballistichory,10,ballistic
97,ballistochory,2,ballistic
98,ballistochory/non specialized,1,ballistic
99,ballochor,868,ballistic
100,Baro,25,autochory
101,Barochory,156,autochory
102,"Bat-eared fox, Kudu",1,endo
103,"Bat-eared fox, Kudu, sheep",1,endo
104,Bat; bird; monkey,1,endo
105,Bats; monkeys,1,endo
106,Bears,1,endo
107,beech marten,41,endo
108,beetle larva,9,animalnotspecified
109,bighorn,2,animalnotspecified
110,bird,3710,endo
111,Bird; monkey; coatimundi,1,endo
112,bird?,19,endo
113,birds,2,endo
114,"birds, cattle and horses",1,endo
115,Birds.,782,endo
116,Birds/bats.,22,endo
117,Birds+fish.,1,endo
118,blastochor,177,
119,boleochor,3224,wind
120,Bos taurus; Capra hircus; Equus cabalus,1,animalnotspecified
121,"Brycon (piracanjuba), Myloplus (pacu)",1,endo
122,Brycon guatemalensis,1,endo
123,Brycon sp.; Gymnoderus foetidus,1,endo
124,buffalo,1,animalnotspecified
125,bythisochor,157,water
126,"Cacajao melanocephalus melanocephalus, Tapirus terrestris, Mazama americana, M. gouazoubira, Ta ...",1,animalnotspecified
127,Callicebus torquatus lugens,2,endo
128,"Caluromys philander, Potos flavus, Saguinus midas;",1,endo
129,"Camponotus sp., Iridomyrmex sp. Melophorus spp. Pheidole sp., Rhytidoponera spp., Anthochaera c ...",1,ant
130,Camponotus sp.; Chelaner sp.; Dolichoderus sp.; Iridomyrmex sp.; Pheidole sp.; Rhytidoponera me ...,1,ant
131,"Canids, primates, bat-eared fox, Duiker, Kudu",1,endo
132,Canis aureus,1,endo
133,Canis latrans (coyote),1,endo
134,"Canis latrans, Procyon lotor; Ortalis aetula",1,endo
135,"Canis latrans, Urocyon cinereoargenteus; Sialia mexicana, S. currucoides, Bombycilla cedrorum",1,endo
136,capsule,85,
137,car or other vehicle,2394,
138,Carollia perspicillata,1,endo
139,carried by birds,72,endo
140,carried by mammals,93,endo
141,cassowary,4,endo
142,Casuarinus casuarinus,1,endo
143,Casuarius bennetti (dwarf cassowary),1,endo
144,Casuarius bennetti pictocollis,2,endo
145,Casuarius casuarius,6,endo
146,Casuarius sp.,2,endo
147,catfish,1,endo
148,cattle,5231,animalnotspecified
149,Cattle,1,animalnotspecified
150,"cattle, horses (occasionally), tapir",1,animalnotspecified
151,Cebus albifrons,1,endo
152,"Cebus albifrons, Tayassu tajacu, T. pecari; Daptrius ater",1,endo
153,Cebus albifrons; Deroptyus accipitrinus,1,endo
154,Cebus apella,3,endo
155,"Cebus apella, C. capucinus, Sciurus granatensis",1,endo
156,"Cebus sp., Saimiri sciureus, Sciurus sp.",1,endo
157,cedar waxwing,1,endo
158,Cephalophus callipygus,1,endo
159,"Cephalophus callipygus, C. dorsalis",2,endo
160,"Cephalophus sylvicultor, C. callipygus",1,endo
161,Ceratogymna atrata,1,endo
162,"Ceratogymna atrata, C. cylindricus",2,endo
163,"Cercocebus galeritus galeritus, Papio cynocephalus; Gypohierax angolensis, Tauraco persa",1,endo
164,"Cercocebus galeritus, Papio cynocephalus",1,endo
165,"Cerdocyon thous, Procyon cancrivorus",1,endo
166,chamaechor,580,wind
167,"Chamaepestes unicolor (black guan), Pharomachrus mocinno (resplendent quetzal), Aulacorhynchus  ...",1,endo
168,chamois,97,animalnotspecified
169,chimpanzee,8,endo
170,"Cicaeum hirundinaceum (mistletoe bird), Acanthogenys rufogularis (spiny-cheeked honeyeater)",1,endo
171,"Cichlids, Pacu",1,endo
172,Ciridops anna,1,endo
173,Civet,12,endo
174,Civet; macaque,3,endo
175,Civets?,2,endo
176,climbing iguanas,1,endo
177,clothes and footwear,481,
178,"Colossoma macropomum, C. bidens, Brycon sp., Phractocephalus hemelioterus, Megaladoras irwini,  ...",1,endo
179,Columba leucocephala,6,endo
180,"Columba leucocephala, C. squamosa, C. inornata, Dendrocygna arborea, D. bicolor, Amazona ventra ...",1,endo
181,Combination: animal+unassisted,6,animalnotspecified
182,Combination: methods originating from parent plant+animal,5,
183,Combination: water+animal,5,
184,Combination: water+dispersal prevented,2,
185,Combination: water+wind+animal,4,
186,Combination: wind+animal,19,
187,Combination: wind+animal+unassisted,2,
188,Combination: wind+unassisted,5,
189,Combination: wind+water,29,
190,Combination: wind+water+unassisted,1,
191,commerce,2411,
192,Coracopsis nigra,3,animalnotspecified
193,cow; goat,1,animalnotspecified
194,Crypturellus boucardi,1,endo
195,Cyanoramphus novaezelandiae,1,animalnotspecified
196,Cyclura carinata; Amazona leucocephala bahamensis,1,animalnotspecified
197,"Daptrius ater, Steatornis caripensis; Cebus capucinus",1,endo
198,Dasyprocta (agouti),2,cache
199,Dasyprocta prymnolopha (black-rumped agouti); Sciurus aestuans (Guianan squirrel),1,cache
200,Dasyprocta punctata,1,cache
201,Dasyprocta punctata (agouti),2,cache
202,"Dasyprocta sp., Cerdocyon thous; Rhes americana, Tinamus solitarius",1,cache
203,deer,758,animalnotspecified
204,"deer, rabbit",1,animalnotspecified
205,Deroptyus accipitrinus,1,endo
206,"Deroptyus accipitrinus; Philander opossum, Caluromys philander",1,endo
207,developed,10,
208,Diaspore is blown by wind,2434,wind
209,Diaspore is carried accidentally,327,animalnotspecified
210,Diaspore is carried intentionally,281,animalnotspecified
211,diaspore is carried on the outside of the vertebrate,1,attach
212,Diaspore is carried or eaten intentionally depending upon the species of disperser,13,endo
213,diaspore is carried unintentionally (exo; burr),6,attach
214,Diaspore is eaten accidentally,5,animalnotspecified
215,diaspore is eaten intentionally,1,endo
216,Diaspore is eaten intentionally,2576,endo
217,"Diaspore is eaten intentionally, seed ingested or regurgitated",108,endo
218,Diaspore is propelled by action of animal on plant structure,11,animalnotspecified
219,Diaspore is propelled by action of rain on plant structure,73,water
220,Diaspore is propelled by action of wind on the plant structure,120,wind
221,Diaspore is rolled along ground surface by wind,103,wind
222,"Didelphis albiventris, Nectomys squamipes, Cebus apella, Agouti paca, Euphractus sexcinctus, Da ...",1,endo
223,"Didelphus albiventris, Nectomys squamipes, Cebus apella; Turdus sp., Anodorhynchus hyacinthinus",1,endo
224,Disp,14944,
225,Dispersal ectozoochorous,18,attach
226,Dispersal endozoochorous,14,endo
227,Dispersal is delayed until some environmental cue,2,
228,Dispersal no,72,
229,Dispersal prevented,22,
230,Dispersal wind,11,wind
231,dog,61,animalnotspecified
232,domestic animal,3448,animalnotspecified
233,donkey,145,animalnotspecified
234,dormouse,70,cache
235,Dromaius novae-hollandiae (emu),1,endo
236,Dromaius novaehollandiae (emu),1,endo
237,Ducula aena,1,endo
238,Ducula goliath,2,endo
239,Ducula rosacea whartoni,1,endo
240,Ducula spilorrhoa,1,endo
241,"Ducula spilorrhoa, Ptilinopus superbus, Casuarius casuarius",1,endo
242,Ducula spilorrhoa; Pteropus alecto,1,endo
243,Dys-zoochory,18,cache
244,dysochor,4101,cache
245,earthworm,40,animalnotspecified
246,eaten by birds,128,endo
247,eaten by mammals,43,endo
248,"Echimys armatus, Philander opossum, Didelphis marsupialis",1,endo
249,Eidolon helvum (straw-coloured fruit bat),1,endo
250,"Eidolon sp., Dolonsia sp., Pteropus sp.",1,endo
251,"Eidolon spp., Rousettus spp.",1,endo
252,Elainea ridleyana (tyrant bird),1,endo
253,elephant,1,endo
254,"elephant, baboon",1,endo
255,"elephant, impala",1,animalnotspecified
256,elephants,1,endo
257,Elephas maximus,2,endo
258,Endo-zoochory,109,endo
259,endozoochor,14975,endo
260,endozoochory,112,endo
261,Epi-zoochory,45,attach
262,epizoochor,14785,attach
263,epizoochory,14,attach
264,erosion material,328,
265,ethelochor,3742,
266,Eudynamis scolopacea,1,endo
267,Eudynamys scolopacea,1,endo
268,exozoochory,24,attach
269,explosive,84,ballistic
270,explosive mechanism,58,ballistic
271,Explosive mechanism,172,ballistic
272,external,1,
273,farm machinery,8,
274,"finches, tanagers, flycatchers, cotinga",1,endo
275,fish,11,endo
276,Fish.,8,endo
277,Floating in fresh- or saltwater currents,10,water
278,Floating in freshwater currents,104,water
279,Floating in saltwater currents,110,water
280,Floating or submerged in freshwater currents,1,water
281,"flycatchers, motmots",1,endo
282,"For a comprehensive list, see: van Rheede van Oudtshoorn, K. and Van Rooyen, M.W. (1999). Dispe ...",2,
283,fox,62,endo
284,Freshwater currents (not stated whether diaspore floats or sinks),9,water
285,fruit bats,1,endo
286,Fruit bats,4,endo
287,Fruit bats; civet,1,endo
288,Fruit is fleshy,1,endo
289,fruit pigeon,1,endo
290,game,1,animalnotspecified
291,"Gazella dorcas (Dorcas gazelle), Capra nubiana (ibex), goat, camel",2,animalnotspecified
292,generative dispersule,879,
293,"Geochelone carbonaria, G. denticulata",1,endo
294,germinule,783,
295,"Giraffe, Kudu",1,endo
296,goat,294,animalnotspecified
297,Gorilla gorilla gorilla (lowland gorilla),1,endo
298,"Gorilla gorilla, Pan troglodytes troglodytes, Civettictus civetta; Ceratogymna atrata, C. fistu ...",1,endo
299,"Gracula javanica, Turtur tigrinus",1,endo
300,gravity,13,autochory
301,Gypohierax angolensis,1,endo
302,"Gypohierax angolensis; Tockus fasciatus, Ceratogymna elata, C. atrata, Corvus albus, Merops alb ...",1,endo
303,Hapalemur griseus,1,endo
304,Hapalemur griseus occidentalis,1,endo
305,"Hapalemur occidentalis, Lepilemur dorsalis, Lemur macaco",1,endo
306,Hapalemur simus,1,endo
307,"Hapalemur simus, Ateles belzebuth; Colossoma bidens, Electrophorus electricus; Cotinga ridgwayi ...",1,endo
308,hare,185,animalnotspecified
309,harvesting,1,
310,harvesting ants,1,ant
311,hay cutting,8,
312,hay making machinery,662,
313,hay transport,2,
314,hedgehog,1,animalnotspecified
315,hemerochor,348,
316,Herbivorous mammals; crabs,2,animalnotspecified
317,herpochor,100,autochory
318,Heteromys desmarestianus,3,animalnotspecified
319,Heteromys sp.,1,animalnotspecified
320,"Heteromys sp.; Chamaepetes unicolor, Aulacorhynchus prasinus",1,animalnotspecified
321,hoarding,21,cache
322,horse,687,animalnotspecified
323,"horse?, agouti, squirrel, tapir?, peccary?",1,animalnotspecified
324,humans,1,
325,Humans.,3,
326,hydrochory,24,water
327,Hydrochory,1,water
328,Hylobates agilis,1,endo
329,Hylobates lar,1,endo
330,Icterus sp. (orioles),1,endo
331,"iguanas, alligators",1,endo
332,Insects.,1,
333,invertebrate,1,
334,"Iridomyrmex cf. nitidiceps, Pheidole sp.",1,ant
335,Iridomyrmex purpureus; Pheidole sp.; Acanthagenys rufogularis; Artamus cinereus; Corvus coronoi ...,1,ant
336,Iridomyrmex sp.,5,ant
337,"Kudu, primates",1,endo
338,"Lagopus spp. (grouse, ptarmigan)",3,animalnotspecified
339,large birds including toucans,1,endo
340,"Lepilemur dorsalis, Lemur macaco",1,endo
341,"Leptonycteris curasoae; Sylvilagus audubonii (desert cottontail), Lepus californicus (black-tai ...",3,animalnotspecified
342,"Lepus californicus Gray (black-tailed jackrabbit), Odocoileus hemionus Colombianus (mule deer)",2,animalnotspecified
343,livestock,3,animalnotspecified
344,livestock and wild animals,1,animalnotspecified
345,"livestock, wild mammals",1,animalnotspecified
346,Lizards,1,endo
347,Lizards+mammals (non-bat).,1,endo
348,Lopholaimus antarcticus,1,endo
349,Loxodonta africana,2,endo
350,Loxodonta africana (African elephant),1,endo
351,"Loxodonta africana capensis, Papio anubis",1,endo
352,Macaca fascicularis,4,endo
353,Macaque,2,endo
354,Macaque; civet,1,endo
355,Mamalochory,24,animalnotspecified
356,mammal,420,animalnotspecified
357,Mammalochory,1,endo
358,Mammals (bats).,49,endo
359,Mammals (bats)+birds,1,endo
360,Mammals (bats)+birds.,7,endo
361,"Mammals (incl. bats), birds and fish",1,endo
362,"Mammals (incl. bats), birds and reptiles",1,endo
363,"Mammals (incl. bats), birds, reptiles and fish",2,endo
364,Mammals (incl. bats).,7,endo
365,Mammals (incl. bats)+birds,1,endo
366,Mammals (incl. bats)+birds.,58,endo
367,Mammals (non-bat),2,endo
368,Mammals (non-bat) and reptiles,1,endo
369,Mammals (non-bat).,310,animalnotspecified
370,Mammals (non-bat)+birds.,304,animalnotspecified
371,Mammals (non-bat)+birds+ants.,2,endo
372,Mammals (non-bat)+birds+fish.,3,endo
373,Mammals (non-bat)+birds+reptiles.,2,endo
374,Mammals (non-bat)+crustacea,2,animalnotspecified
375,Mammals (non-bat)+humans.,2,
376,Mammals (non-bat)+invertebrates (non-ant).,1,animalnotspecified
377,Mammals (non-bat)+reptiles.,5,endo
378,Mammals (unspecified),89,animalnotspecified
379,Mammals (unspecified)/birds,7,animalnotspecified
380,man,139,
381,Mandrillus sphinx,1,endo
382,manure,1,animalnotspecified
383,marmot,22,animalnotspecified
384,marten,89,endo
385,Melanerpes carolinus; Odocoileus virginianus clavium,1,endo
386,Meliphaga chrysops,1,endo
387,Meliphaga virescens,1,endo
388,Melophorus sp.,3,ant
389,"Melophorus sp., Pheidole sp.",2,ant
390,Melophorus sp.; Rhytidoponera sp.; Acanthagenys rufogularis; Meliphaga virescens,1,ant
391,Messor andrei (harvester ant),1,ant
392,meteorochor,5986,wind
393,Methods originating from parent plant or diaspore,112,
394,"Microcebus murinus, Lemur catta; Coracopsis vasa",1,endo
395,Migrant wood warblers,1,endo
396,Mimus polyglottos,1,endo
397,Mimus thenca (Chilean mockingbird),1,endo
398,mirmecochory,1,ant
399,Mitu salvini (Salvin's currasow),1,endo
400,monkeys,3,endo
401,Monkeys,2,endo
402,monkeys including Cebus capucinus and other arboreal mammals including kinkajou,1,endo
403,mountain hare,41,animalnotspecified
404,mouse,314,animalnotspecified
405,mowing,8,
406,mule deer,8,animalnotspecified
407,multi-seeded generative dispersule,233,
408,Myadestes melanops (black-faced solitaire),1,endo
409,"Myadestes melanops (black-faced solitaire), Phainoptila melanoxantha (black-and-yellow silky fl ...",2,endo
410,Myadestes townsendi (solitaire),1,endo
411,Myiozetetes simalis,1,endo
412,Myoprocta exilis (acouchy),1,cache
413,myrmecochory,14,ant
414,"Nasua narica, Cebus capucinus, Agouti paca, Dasyprocta punctata, Proechimys semispinosa, Sciuru ...",1,cache
415,"Nasua narica, Cebus capucinus, Ateles geoffroyi, Dasyprocta punctata, Sciurus granatensis, Tapi ...",1,cache
416,nautochor,104547,autochory
417,no,180,
418,non specialized,21,
419,none,10,
420,Nucifraga columbiana (Clark's nutcracker),1,cache
421,nutcracker; rodents,1,cache
422,Odocoileus virginianus clavium,1,endo
423,ombrochor,634,ballistic
424,one-seeded generative dispersule,2216,
425,"Orang utan, rhinocerous, bears, elephant, crocodile",1,endo
426,Ornithochory,35,endo
427,Ornithochory - Mamalochory,13,animalnotspecified
428,Ortalis ruficauda,1,endo
429,Orthopsittaca manilata,1,endo
430,"Orthopsittaca manilata, Ara manilata, Amazona amazonica",1,endo
431,Orycteropus afer (aardvark),6,endo
432,Osmatreron bicincta,1,endo
433,other,734,
434,ox,8,animalnotspecified
435,pacarana,84,animalnotspecified
436,"Pachycondyla harpax, P. apicalis",1,ant
437,Pan troglodytes troglodytes,1,endo
438,"Pan troglodytes troglodytes, Cephalophus sylvicultor",1,endo
439,"Pan troglodytes troglodytes, Mandrillus sphinx",1,endo
440,"Pan troglodytes verus, Papio papio",2,endo
441,Papio anubis (Ghanan olive baboon,2,endo
442,Papio ursinus,1,endo
443,Paradisaea rudolphi (bird of paradise),1,endo
444,Paradoxurus (civets),1,endo
445,Paradoxurus hermaphroditus,1,endo
446,Paradoxurus hermaphroditus javanicus,6,endo
447,"Paradoxurus hermaphroditus javanicus, Hylobates klossii",1,endo
448,"Paradoxurus hermaphroditus javanicus, Hylobates syndactylus; Ducula spilorrhoa, Casuarius casua ...",1,endo
449,"Paradoxurus hermaphroditus, Viverra malaccensis; Ducula zoeae, Ptilinopus magnificus",1,endo
450,Paradoxurus philippinensis,1,endo
451,passive,1,autochory
452,Penelope marail,1,endo
453,pet,1,
454,"Phainopepla nitens (phainopepla), Melanerpes hypopolius (gila woodpecker), Mimus polyglottus (m ...",1,endo
455,"Phainoptila melanoxantha sp., Catharus gracilorostris, Myadesates melanops, Chamaepetes unicolo ...",1,endo
456,Pharomachrus mocinno,1,endo
457,Pheidole sp.,1,ant
458,Pheidole sp.; Rhytidoponera metallica,1,ant
459,Pheidole spp.,1,ant
460,pig,657,animalnotspecified
461,pigeon,1,endo
462,pine marten,22,endo
463,pintail,2,animalnotspecified
464,Platycercus caledonicus (green rosella),1,animalnotspecified
465,"Podarcis pityusensis; Martes martes (pine marten), Genetta genetta (spotted genet)",1,endo
466,possums,1,endo
467,"Potos flaavus, Sciurus sp., Cebus capucinus, Dasyprocta punctata, Heteromys desmarestianus, Hop ...",1,endo
468,Potos flavus,1,endo
469,Presbytis potenziani,1,endo
470,"Presbytis potenziani, Hylobates mulleri x agilis; Cryptophaps poecilorrhoa",1,endo
471,"Presbytis potenziani, Pongo pygmaeus, Macaca fascicularis",1,endo
472,Primarily bat,45,endo
473,Primarily bird,74,animalnotspecified
474,Primarily mammal,77,animalnotspecified
475,"Procyon lotor, Sciurus carolinensis; Cyanocorax yncas, Corvus ossifragus, Mimus polyglottos, Tu ...",1,endo
476,"Proechimys cuvieri, P. guyannensis, Myoprocta exilis, Dasyprocta leporina, Sciurus aestuans",1,endo
477,Psarocolius montezuma,1,endo
478,Psophia crepitans,1,endo
479,"Pterodorus granulosus; Sciurus ingrami, Cebus apella, Alouatta fusca, Leontopithicus chrysopygu ...",1,endo
480,"Pteroglossus aracari (toucanet); Saguinus midas (tamarin), Ateles geoffroyi (spider monkey), Ca ...",1,endo
481,Pteropus edwardsii,1,endo
482,Pteropus sp.,1,endo
483,"Pteropus sp.; Ptilinopus magnificus, P. aurantiifrons, Ducula spilorrhoa, D. zoeae",1,endo
484,"Pteropus sp.; Ptilinopus pulchellus, P. superbus, P. iozonus, Ducula spilorrhoa",1,endo
485,Pteropus vampyrus,1,endo
486,"Ptilinopus superbus, P. magnificus",1,endo
487,"Ptilonopus magnificus magnificus, Lopholaimus antarcticus, Ptilonopus regina regina, Ailuroedus ...",1,endo
488,Pycnonotus bimaculatus (bulbul),2,endo
489,"Pycnonotus cafer, P. luteolus",1,endo
490,"Pycnonotus leucogenys mesopotamia, Psittacula krameri",1,endo
491,"Pycnonotus xanthopygos (bulbul), Turdus merula (blackbird)",1,endo
492,"Pycnonotus xanthopygos (yellow-vented bulbul), Turdus merula (blackbird), Sylvia melanocephala  ...",1,endo
493,rabbit,627,animalnotspecified
494,rainwash,44,autochory
495,Ramphastos brevicarinatus,1,endo
496,"Ramphastos brevicarinatus, Crax sp.; Artibeus jamaicensis, Ateles geoffroyi, Heteromys desmares ...",1,endo
497,"Ramphastos spp. (toucans); Ateles paniscus (spider monkey), Alouatta seniculus (howler monkey), ...",1,endo
498,"Ramphastos swainsoni (chestnut-mandibled toucan), guan",1,endo
499,"Ramphastos swainsonii, R. sulfuratus, Tityra semifasciata, Baryphthengus (motmot), Trogon masse ...",1,endo
500,"Ramphastos swainsonii, Tityra semifasciata, Vireo flavoviridis",1,endo
501,Ramphastos tucanus,1,endo
502,"Ramphastos tucanus, Rupicola rupicola, Ara sp.; Cebus sp., Tayassu sp., Sciurus sp., Agouti sp.",1,endo
503,"Ramphocelus passerinii, Melanerpes chrysauchen; Heteromys desmarestianus, Hoplomys gymnurus, Da ...",1,endo
504,Redwing,3,endo
505,Reindeer,2,animalnotspecified
506,Reinwardtoena reinwardsti,1,
507,Reptiles.,15,animalnotspecified
508,Reptiles+birds.,3,endo
509,"Rhea americana, Cerdocyon thous, Chrysocyon brachyurus",1,endo
510,Rhea americana; Chrysocyon brachyurus,1,endo
511,"Rhytidoponera  tasmaniensis, Chelaner cf. rothsteini",1,animalnotspecified
512,Rhytidoponera ? metallica,1,animalnotspecified
513,Rhytidoponera inornata,1,animalnotspecified
514,Rhytidoponera metallica; Meliphaga chrysops; Meliphaga virescens,1,animalnotspecified
515,Rhytidoponera sp.,2,animalnotspecified
516,Rhytidoponera tasmaniensis,2,animalnotspecified
517,"Rhytidoponera tasmaniensis, Iridomyrmex purpureus",1,animalnotspecified
518,"Rhytidoponera tasmaniensis, Iridomyrmex sp.",2,animalnotspecified
519,Rhytidoponera violacea,1,animalnotspecified
520,rodents,1,animalnotspecified
521,Rodents,2,animalnotspecified
522,"rodents; varanes, turtles",1,endo
523,"rodents?, peccary?",1,
524,roe,75,animalnotspecified
525,"Rose-breasted grosbeak, downy woodpecker, red-eyed vireo, scarlet tanager, veery, cedar waxwing",2,endo
526,"Rose-breasted grosbeak, downy woodpecker, red-eyed vireo, scarlet tanager, veery, cedar waxwing ...",1,endo
527,Rousettus aegyptiacus; Lanius excubitor,1,endo
528,Ruminants,3,animalnotspecified
529,Rupicola rupicola,1,endo
530,"Rupicola rupicola, Deroptyus accipitrinus; Ateles belzebuth",1,endo
531,"Rupicola rupicola, Penelope marail; Mazama americana, M. gouazoubira; Myleus rhomboidalis",1,endo
532,Rupicola rupicola; Phrynops rufipes; Tapirus terrestris,1,endo
533,Saguinus sp.,1,endo
534,Sciurus (squirrel),1,cache
535,Sciurus (squirrels),1,cache
536,"Sciurus aureogaster, S. deppei",1,cache
537,"Sciurus sp., Dasyprocta sp.",1,cache
538,"Sciurus spadiceus, Cebus apella, Dasyprocta variegata, tayassu pecari, Proechmys spp., Oryzomys spp.",1,cache
539,"Sciurus variegatoides, Agouti paca, Dasyprocta punctata, Proechimys semispinosa",1,cache
540,seed contamination,689,
541,Seeds are produced below ground level,23,autochory
542,Seeds are produced close to ground level,1,autochory
543,Seeds drop to the ground close to or beneath the parent plant,527,autochory
544,Selenidera maculirostris,1,animalnotspecified
545,shaken fresh water,90948,autochory
546,sheep,3948,animalnotspecified
547,Sheep,1,animalnotspecified
548,sheep-dummy,172,animalnotspecified
549,"sheep, cattle, horses",1,animalnotspecified
550,shrew,22,animalnotspecified
551,"Sigmodon hispidus, 'probably' Liomys salvini",1,cache
552,Small mammals,1,cache
553,snail,51,animalnotspecified
554,song thrush,1,endo
555,"sparrow; pig, cow",1,animalnotspecified
556,speirochor,2310,
557,squirrel,106,cache
558,Squirrels,1,cache
559,"squirrels, many other herbivores; woodpeckers, nutcrackers",1,cache
560,standing fresh water,1676,autochory
561,Steartornis caripensis,1,endo
562,Steatornis (oil-bird),1,endo
563,Steatornis caripensis,5,endo
564,"Steatornis caripensis, Pipile cumanensis; Pithecia monachus, Cebus albifrons, C. apella, Ateles ...",1,endo
565,Strepera fuliginosa (black currawong),1,endo
566,Submerged in freshwater currents,3,autochory
567,Submerged in saltwater currents,1,autochory
568,"Sylvia atricapilla, S. melanocephala",2,endo
569,Tapirus bairdii,1,endo
570,Tapirus terrestris (tapir),1,animalnotspecified
571,"Tapirus terrestris, Agouti paca, Dasyprocta agouti, Proechymis ssp., Mazama spp., Sciurus ingra ...",1,animalnotspecified
572,"Tapirus terrestris, Mazama americana, M. gouazoubira, Tayassu tajacu, T. pecari, Callicebus tor ...",1,animalnotspecified
573,"Tapirus terrestris, Mazama americana, M. gouazoubira, Tayassu tajacu, T. pecari, Cebus apella,  ...",1,animalnotspecified
574,"Tapirus terrestris, Mazama americana, M. gouazoubira, Tayassu tajacu, T. pecari; Ara ararauna,  ...",1,animalnotspecified
575,"Tapirus terrestris, tayassu tajacu, Odocoileus virginicus, Mazama sp., Dasyprocta leporina, Sci ...",1,animalnotspecified
576,"Taxidea taxus, Canis latrans, Procyon lotor",1,endo
577,"Tayassu pecari, T. tajacu; Steatornis caripensis, Ramphastos swainsonii",1,animalnotspecified
578,"Tayassu tajacu, T. pecari",1,animalnotspecified
579,Terrapene carolina (box turtle),1,endo
580,Terrapene carolina (eastern box turtle),1,endo
581,terrestrial gopher turtles,1,endo
582,Testudo elephantopus (tortoise),1,endo
583,Thraupis aepiscopus,1,endo
584,tinamou,1,animalnotspecified
585,Toucans,1,animalnotspecified
586,"toucans; monkey, kinkajou",1,endo
587,Trichoglossus chlorolepidotus,1,animalnotspecified
588,trichoptera larva,37,animalnotspecified
589,Tropidurus torquatus (lizard),1,endo
590,tumbling,6,autochory
591,"Turdus merula (thrush), Sylvia atricapilla (blackcap)",1,endo
592,"Turdus plebejus (mountain robin), Phainoptila melanoxantha (black-and-yellow silky flycatcher), ...",1,endo
593,Turdus viscivorus (mistle thrush),1,endo
594,turtles,3,endo
595,unassisted,1358,autochory
596,Unassisted,359,autochory
597,unassisted (no morphological structures aiding dispersal),135,autochory
598,Unassisted and/or methods originating from parent plant,118,autochory
599,unassisted/short-distance,35,autochory
600,unknown,33,
601,unspecialised,326,autochory
602,Ursu americanus floridanus; Aphelocoma coerulescens,1,endo
603,Ursus americanus floridanus,2,endo
604,Ursus americanus floridanus; Aphelocoma coerulescens,1,endo
605,"Ursus americanus floridanus; Mimus polyglottos, Quiscalus mexicanus, Aphelocoma coerulescens, C ...",1,endo
606,"Ursus americanus, Odocoileus virginianus, Procyon lotor; Turdus migratorius, Bombycilla cedorum",1,endo
607,"Ursus americanus, Procyon lotor, odocoileus virginianus, O. v. clavium",1,endo
608,Varanus grayi,3,endo
609,Varanus grayi; Paradoxurus philippinensis,1,endo
610,vegetative dispersule,18,
611,Vegetative growth,1,
612,vertebrate,19,animalnotspecified
613,vertebrate-dispersed (aril or fleshy fruit),34,endo
614,vertebrate?,21,animalnotspecified
615,Vertebrates,2,animalnotspecified
616,Vertebrates (unspecified).,111,animalnotspecified
617,Viverra malaccensis,1,endo
618,Vulpes vulpes (red fox),2,endo
619,water,4430,water
620,Water,287,water
621,water?,5,water
622,Water?,34,water
623,Wetting by rain or dew,25,water
624,wild boar,78,animalnotspecified
625,"wild cat, jaguar",1,endo
626,wind,3089,wind
627,Wind,1667,wind
628,Wind Animals,15,wind
629,"wind-dispersed (with wing, hairs or bristles to provide air-resistance)",68,wind
630,wind?,20,wind
631,wind/long-distance,122,wind
632,yes,96,
633,Zoo,2,animalnotspecified
634,zoochor,371,animalnotspecified
635,zoochory,137,animalnotspecified
636,Zoochory with elaiosomes,69,ant